{
  "timeseres": "series04.json",
  "dimension": 1,
  "observations": [
    {
      "time": 0.0,
      "values": [
        0.20106283530925384
      ]
    },
    {
      "time": 1.0,
      "values": [
        0.4772670207200657
      ]
    },
    {
      "time": 2.0,
      "values": [
        0.20106283530925384
      ]
    },
    {
      "time": 3.0,
      "values": [
        0.4772670207200657
      ]
    },
    {
      "time": 4.0,
      "values": [
        0.20106283530925384
      ]
    },
    {
      "time": 5.0,
      "values": [
        0.4772670207200657
      ]
    },
    {
      "time": 6.0,
      "values": [
        0.20106283530925384
      ]
    },
    {
      "time": 7.0,
      "values": [
        0.4772670207200657
      ]
    },
    {
      "time": 8.0,
      "values": [
        0.20106283530925384
      ]
    },
    {
      "time": 9.0,
      "values": [
        0.4772670207200657
      ]
    },
    {
      "time": 10.0,
      "values": [
        0.20106283530925384
      ]
    },
    {
      "time": 11.0,
      "values": [
        0.4772670207200657
      ]
    },
    {
      "time": 12.0,
      "values": [
        0.20106283530925384
      ]
    },
    {
      "time": 13.0,
      "values": [
        0.4772670207200657
      ]
    },
    {
      "time": 14.0,
      "values": [
        0.20106283530925384
      ]
    },
    {
      "time": 15.0,
      "values": [
        0.4772670207200657
      ]
    },
    {
      "time": 16.0,
      "values": [
        0.20106283530925384
      ]
    },
    {
      "time": 17.0,
      "values": [
        0.4772670207200657
      ]
    },
    {
      "time": 18.0,
      "values": [
        0.20106283530925384
      ]
    },
    {
      "time": 19.0,
      "values": [
        0.4772670207200657
      ]
    },
    {
      "time": 20.0,
      "values": [
        0.20106283530925384
      ]
    },
    {
      "time": 21.0,
      "values": [
        0.4772670207200657
      ]
    },
    {
      "time": 22.0,
      "values": [
        0.20106283530925384
      ]
    },
    {
      "time": 23.0,
      "values": [
        0.4772670207200657
      ]
    },
    {
      "time": 24.0,
      "values": [
        0.20106283530925384
      ]
    },
    {
      "time": 25.0,
      "values": [
        0.4772670207200657
      ]
    },
    {
      "time": 26.0,
      "values": [
        0.20106283530925384
      ]
    },
    {
      "time": 27.0,
      "values": [
        0.4772670207200657
      ]
    },
    {
      "time": 28.0,
      "values": [
        0.20106283530925384
      ]
    },
    {
      "time": 29.0,
      "values": [
        0.4772670207200657
      ]
    },
    {
      "time": 30.0,
      "values": [
        0.20106283530925384
      ]
    },
    {
      "time": 31.0,
      "values": [
        0.4772670207200657
      ]
    },
    {
      "time": 32.0,
      "values": [
        0.20106283530925384
      ]
    },
    {
      "time": 33.0,
      "values": [
        0.4772670207200657
      ]
    },
    {
      "time": 34.0,
      "values": [
        3.833312267291321
      ]
    },
    {
      "time": 35.0,
      "values": [
        4.476452942414313
      ]
    },
    {
      "time": 36.0,
      "values": [
        3.833312267291321
      ]
    },
    {
      "time": 37.0,
      "values": [
        4.476452942414313
      ]
    },
    {
      "time": 38.0,
      "values": [
        3.833312267291321
      ]
    },
    {
      "time": 39.0,
      "values": [
        4.476452942414313
      ]
    },
    {
      "time": 40.0,
      "values": [
        3.833312267291321
      ]
    },
    {
      "time": 41.0,
      "values": [
        4.476452942414313
      ]
    },
    {
      "time": 42.0,
      "values": [
        3.833312267291321
      ]
    },
    {
      "time": 43.0,
      "values": [
        4.476452942414313
      ]
    },
    {
      "time": 44.0,
      "values": [
        3.833312267291321
      ]
    },
    {
      "time": 45.0,
      "values": [
        4.476452942414313
      ]
    },
    {
      "time": 46.0,
      "values": [
        1.021201076735482
      ]
    },
    {
      "time": 47.0,
      "values": [
        2.163099876551779
      ]
    },
    {
      "time": 48.0,
      "values": [
        1.021201076735482
      ]
    },
    {
      "time": 49.0,
      "values": [
        2.163099876551779
      ]
    },
    {
      "time": 50.0,
      "values": [
        1.021201076735482
      ]
    },
    {
      "time": 51.0,
      "values": [
        2.163099876551779
      ]
    },
    {
      "time": 52.0,
      "values": [
        1.021201076735482
      ]
    },
    {
      "time": 53.0,
      "values": [
        2.163099876551779
      ]
    },
    {
      "time": 54.0,
      "values": [
        1.021201076735482
      ]
    },
    {
      "time": 55.0,
      "values": [
        2.163099876551779
      ]
    },
    {
      "time": 56.0,
      "values": [
        1.021201076735482
      ]
    },
    {
      "time": 57.0,
      "values": [
        2.163099876551779
      ]
    },
    {
      "time": 58.0,
      "values": [
        1.021201076735482
      ]
    },
    {
      "time": 59.0,
      "values": [
        2.163099876551779
      ]
    },
    {
      "time": 60.0,
      "values": [
        1.021201076735482
      ]
    },
    {
      "time": 61.0,
      "values": [
        2.163099876551779
      ]
    },
    {
      "time": 62.0,
      "values": [
        1.021201076735482
      ]
    },
    {
      "time": 63.0,
      "values": [
        2.163099876551779
      ]
    },
    {
      "time": 64.0,
      "values": [
        1.021201076735482
      ]
    },
    {
      "time": 65.0,
      "values": [
        2.163099876551779
      ]
    },
    {
      "time": 66.0,
      "values": [
        1.021201076735482
      ]
    },
    {
      "time": 67.0,
      "values": [
        2.163099876551779
      ]
    },
    {
      "time": 68.0,
      "values": [
        1.021201076735482
      ]
    },
    {
      "time": 69.0,
      "values": [
        2.163099876551779
      ]
    },
    {
      "time": 70.0,
      "values": [
        1.021201076735482
      ]
    },
    {
      "time": 71.0,
      "values": [
        2.163099876551779
      ]
    },
    {
      "time": 72.0,
      "values": [
        1.021201076735482
      ]
    },
    {
      "time": 73.0,
      "values": [
        2.163099876551779
      ]
    },
    {
      "time": 74.0,
      "values": [
        1.021201076735482
      ]
    },
    {
      "time": 75.0,
      "values": [
        2.163099876551779
      ]
    },
    {
      "time": 76.0,
      "values": [
        1.021201076735482
      ]
    },
    {
      "time": 77.0,
      "values": [
        3.0463703078653515
      ]
    },
    {
      "time": 78.0,
      "values": [
        2.8076612653579436
      ]
    },
    {
      "time": 79.0,
      "values": [
        3.0463703078653515
      ]
    },
    {
      "time": 80.0,
      "values": [
        2.8076612653579436
      ]
    },
    {
      "time": 81.0,
      "values": [
        3.0463703078653515
      ]
    },
    {
      "time": 82.0,
      "values": [
        2.8076612653579436
      ]
    },
    {
      "time": 83.0,
      "values": [
        3.0463703078653515
      ]
    },
    {
      "time": 84.0,
      "values": [
        2.8076612653579436
      ]
    },
    {
      "time": 85.0,
      "values": [
        3.0463703078653515
      ]
    },
    {
      "time": 86.0,
      "values": [
        2.8076612653579436
      ]
    },
    {
      "time": 87.0,
      "values": [
        3.0463703078653515
      ]
    },
    {
      "time": 88.0,
      "values": [
        2.8076612653579436
      ]
    },
    {
      "time": 89.0,
      "values": [
        3.0463703078653515
      ]
    },
    {
      "time": 90.0,
      "values": [
        2.8076612653579436
      ]
    },
    {
      "time": 91.0,
      "values": [
        3.0463703078653515
      ]
    },
    {
      "time": 92.0,
      "values": [
        2.8076612653579436
      ]
    },
    {
      "time": 93.0,
      "values": [
        3.0463703078653515
      ]
    },
    {
      "time": 94.0,
      "values": [
        2.8076612653579436
      ]
    },
    {
      "time": 95.0,
      "values": [
        3.0463703078653515
      ]
    },
    {
      "time": 96.0,
      "values": [
        2.8076612653579436
      ]
    },
    {
      "time": 97.0,
      "values": [
        3.0463703078653515
      ]
    },
    {
      "time": 98.0,
      "values": [
        2.8076612653579436
      ]
    },
    {
      "time": 99.0,
      "values": [
        3.0463703078653515
      ]
    }
  ]
}